EmployeeID,FirstName,MiddleName,LastName,Nation,Marital,DateOfBirth,Gender
7020,Adolphe,,THIERS,French,Single,1976-07-27,1
7021,Edme P.,,MAC-MAHON,French,Single,1986-11-29,2
7022,Jules,,GREVY,French,Single,1986-03-28,2
7023,Sadi,,CARNOT,French,Single,1974-08-15,1
7024,Casimir,,PERIER,French,Single,1970-02-01,1
7025,Felix,,FAURE,French,Single,1981-11-27,2
7026,Emile,,LOUBET,French,Single,1979-11-22,2
7027,Armand,,FALLIERES,French,Single,1968-07-01,2
7028,Raymond,,POINCARE,French,Single,1978-01-27,2
7029,Paul,,DESCHANEL,French,Single,1981-01-02,1
7030,Alexandre,,MILLERAND,French,Single,1973-03-18,1
7031,Gaston,,DOUMERGUE,French,Single,1985-08-01,1
7032,Paul,,DOUMER,French,Single,1984-06-14,1
7033,Albert,,LEBRUN,French,Single,1976-09-27,1
